Name;Size;"First name";"Last name";Downloads;Date;Path
sc_10.bkp;258;Steffen;Schüler;38;"01.11.2022 08:28";sc_10.bkp
sc_20.bkp;447;Steffen;Schüler;26;"01.11.2022 08:28";sc_20.bkp
sc_30.bkp;649;Steffen;Schüler;20;"01.11.2022 08:28";sc_30.bkp
sc_40.bkp;830;Steffen;Schüler;20;"01.11.2022 08:28";sc_40.bkp
sc_50.bkp;1023;Steffen;Schüler;21;"01.11.2022 08:28";sc_50.bkp
sc_60.bkp;1214;Steffen;Schüler;19;"01.11.2022 08:28";sc_60.bkp
sc_70.bkp;1403;Steffen;Schüler;22;"01.11.2022 08:28";sc_70.bkp
sc_80.bkp;1601;Steffen;Schüler;22;"01.11.2022 08:28";sc_80.bkp
sc_90.bkp;1788;Steffen;Schüler;22;"01.11.2022 08:28";sc_90.bkp
sc_100.bkp;1987;Steffen;Schüler;28;"01.11.2022 08:28";sc_100.bkp
toy.bkp;237;Steffen;Schüler;32;"01.11.2022 08:28";toy.bkp
